Year,Month,Day,Weekday,Hour,Minute,Second,ContentLength,ElapsedTimeMilisecond 
2022,5,10,Tuesday,12,12,38,2730,62
2022,5,10,Tuesday,12,12,39,2730,59
2022,5,10,Tuesday,12,12,39,2730,62
2022,5,10,Tuesday,12,12,39,2730,69
2022,5,10,Tuesday,12,12,39,2730,60
2022,5,10,Tuesday,12,12,39,2730,60
2022,5,10,Tuesday,12,12,41,2730,64
2022,5,10,Tuesday,12,12,44,2730,55
2022,5,10,Tuesday,12,12,44,2730,55
2022,5,10,Tuesday,12,12,44,2730,64
2022,5,10,Tuesday,12,12,44,2730,66
2022,5,10,Tuesday,12,12,45,2730,61
2022,5,10,Tuesday,12,12,47,2730,56
